,vehicle_id,vehicle_eclass,vehicle_fuel,laneID,vehicle_type,vehicle_x,vehicle_y,edgeID,lon,lat,cluster_label
0,pedestrian_1-1-veh_107_tr,hbefa3/pc_g_eu4,1.0,152701_0_1,taxi,4615.71,2174.29,152701_0,7.419575640967865,43.7387490745554,1
1,pedestrian_1-1-veh_108_tr,hbefa3/pc_g_eu4,1.13,152385_0,taxi,4823.5,2041.55,152385,7.4225299945710255,43.73760292961856,1
2,pedestrian_1-1-veh_11_tr,hbefa3/pc_g_eu4,1.12,152701_1_1,taxi,4642.24,2168.94,152701_1,7.420125374504248,43.73871219768168,1
3,pedestrian_1-1-veh_121_tr,hbefa3/pc_g_eu4,0.98,152223_1,taxi,5603.1,3148.62,152223,7.431845995839623,43.74765915249639,1
4,pedestrian_1-1-veh_134_tr,hbefa3/pc_g_eu4,1.13,152707_0_1,taxi,4638.71,2229.26,152707_0,7.421731414620587,43.73982348647296,1
5,pedestrian_1-1-veh_143_tr,hbefa3/pc_g_eu4,1.0,152607_1,uber,5526.45,2934.36,152607,7.432467567931256,43.74681430468634,1
6,pedestrian_1-1-veh_14_tr,hbefa3/pc_g_eu4,1.0,152937_4_1,taxi,5504.91,3194.69,152937_4,7.430600650841815,43.748732410343656,1
7,pedestrian_1-1-veh_152_tr,hbefa3/pc_g_eu4,0.97,152817_0_1,taxi,4877.73,1410.65,152817_0,7.427048995770164,43.732558372748976,1
8,pedestrian_1-1-veh_167_tr,hbefa3/pc_g_eu4,1.0,152677_4_1,uber,5265.62,2334.75,152677_4,7.427991465639542,43.740411556052216,1
9,pedestrian_1-1-veh_182_tr,hbefa3/pc_g_eu4,1.13,152229_1,taxi,4573.34,2176.14,152229,7.419386797704149,43.73878535888536,1
10,pedestrian_1-1-veh_184_tr,hbefa3/pc_g_eu4,1.0,152667_10_1,taxi,5346.72,2733.28,152667_10,7.4287450048820896,43.74380679470676,1
11,pedestrian_1-1-veh_212_tr,hbefa3/pc_g_eu4,1.0,152385_0,uber,4792.78,2031.68,152385,7.4225299945710255,43.73760292961856,1
12,pedestrian_1-1-veh_213_tr,hbefa3/pc_g_eu4,0.96,152693_1_1,uber,4804.68,2372.74,152693_1,7.422142645661729,43.74052110483147,1
13,pedestrian_1-1-veh_218_tr,hbefa3/pc_g_eu4,1.13,152696_1,taxi,4865.87,2408.37,152696,7.422858843092192,43.740875295792215,1
14,pedestrian_1-1-veh_222_tr,hbefa3/pc_g_eu4,1.07,152607_1,uber,5631.0,3037.17,152607,7.432467567931256,43.74681430468634,1
15,pedestrian_1-1-veh_235_tr,hbefa3/pc_g_eu4,1.0,152944_2_1,taxi,4569.9,2135.9,152944_2,7.41933498584095,43.73854100027936,1
16,pedestrian_1-1-veh_244_tr,hbefa3/pc_g_eu4,1.0,152607_1,taxi,5529.18,2939.06,152607,7.432467567931256,43.74681430468634,1
17,pedestrian_1-1-veh_247_tr,hbefa3/pc_g_eu4,1.0,152385_0,uber,4792.78,2031.68,152385,7.4225299945710255,43.73760292961856,1
18,pedestrian_1-1-veh_248_tr,hbefa3/pc_g_eu4,0.93,152223_1,taxi,5594.65,3153.48,152223,7.431845995839623,43.74765915249639,1
19,pedestrian_1-1-veh_257_tr,hbefa3/pc_g_eu4,1.04,152607_1,uber,5642.34,3045.66,152607,7.432467567931256,43.74681430468634,1
20,pedestrian_1-1-veh_265_tr,hbefa3/pc_g_eu4,1.13,152229_2,taxi,4574.84,2173.08,152229,7.419399812013624,43.73875798737404,1
21,pedestrian_1-1-veh_270_tr,hbefa3/pc_g_eu4,0.0,152944_2_1,taxi,4568.65,2143.06,152944_2,7.41933498584095,43.73854100027936,1
22,pedestrian_1-1-veh_283_tr,hbefa3/pc_g_eu4,1.13,152354_1_1,taxi,5404.15,2937.23,152354_1,7.430156311149092,43.746269001804,1
23,pedestrian_1-1-veh_302_tr,hbefa3/pc_g_eu4,0.0,152701_2_1,taxi,4679.41,2178.21,152701_2,7.4203527327518595,43.73872713576025,1
24,pedestrian_1-1-veh_305_tr,hbefa3/pc_g_eu4,1.13,152234_1,taxi,4587.97,2167.79,152234,7.419384703267362,43.738544028966416,1
25,pedestrian_1-1-veh_307_tr,hbefa3/pc_g_eu4,1.0,152354_1_1,taxi,5430.43,2954.16,152354_1,7.430156311149092,43.746269001804,1
26,pedestrian_1-1-veh_330_tr,hbefa3/pc_g_eu4,1.01,152696_1,uber,4903.44,2443.9,152696,7.422858843092192,43.740875295792215,1
27,pedestrian_1-1-veh_349_tr,hbefa3/pc_g_eu4,1.13,152608_1,uber,5474.98,3046.49,152608,7.430283891775882,43.74671454963204,1
28,pedestrian_1-1-veh_354_tr,hbefa3/pc_g_eu4,1.0,152605_2_1,uber,5598.32,3103.62,152605_2,7.431822800242084,43.74724421119824,1
29,pedestrian_1-1-veh_358_tr,hbefa3/pc_g_eu4,1.0,152817_0_1,taxi,5063.76,1447.03,152817_0,7.427048995770164,43.732558372748976,1
30,pedestrian_1-1-veh_35_tr,hbefa3/pc_g_eu4,1.0,152816_5_2,uber,4720.24,1834.26,152816_5,7.421569278852506,43.73681578935719,1
31,pedestrian_1-1-veh_362_tr,hbefa3/pc_g_eu4,1.0,152385_0,taxi,4792.78,2031.68,152385,7.4225299945710255,43.73760292961856,1
32,pedestrian_1-1-veh_371_tr,hbefa3/pc_g_eu4,1.0,152664_6_1,uber,5275.58,2468.6,152664_6,7.428041916264375,43.74158246941977,1
33,pedestrian_1-1-veh_411_tr,hbefa3/pc_g_eu4,0.98,152701_1_1,taxi,4642.24,2168.94,152701_1,7.420125374504248,43.73871219768168,1
34,pedestrian_1-1-veh_424_tr,hbefa3/pc_g_eu4,1.0,152422_1_1,taxi,4997.7,1519.79,152422_1,7.427185440893145,43.7332421068285,1
35,pedestrian_1-1-veh_442_tr,hbefa3/pc_g_eu4,1.0,152606_0_1,taxi,5602.98,3189.64,152606_0,7.431643789012533,43.74810170315136,1
36,pedestrian_1-1-veh_443_tr,hbefa3/pc_g_eu4,0.92,152776_1,taxi,5192.0,1469.79,152776,7.427277115904525,43.73231093744391,1
37,pedestrian_1-1-veh_44_tr,hbefa3/pc_g_eu4,1.12,152234_1,taxi,4587.49,2166.8,152234,7.419384703267362,43.738544028966416,1
38,pedestrian_1-1-veh_457_tr,hbefa3/pc_g_eu4,1.13,152816_5_2,taxi,4739.21,1926.11,152816_5,7.421569278852506,43.73681578935719,1
39,pedestrian_1-1-veh_459_tr,hbefa3/pc_g_eu4,1.0,152776_1,taxi,5192.0,1469.79,152776,7.427277115904525,43.73231093744391,1
40,pedestrian_1-1-veh_486_tr,hbefa3/pc_g_eu4,1.0,152701_2_2,uber,4720.0,2199.92,152701_2,7.420345283773855,43.7387553946535,1
41,pedestrian_1-1-veh_499_tr,hbefa3/pc_g_eu4,0.98,152667_10_2,taxi,5376.54,2831.61,152667_10,7.428708803342658,43.74381863207318,1
42,pedestrian_1-1-veh_503_tr,hbefa3/pc_g_eu4,0.94,153423_3_1,taxi,4275.19,2503.95,153423_3,7.415777191716104,43.74173704818613,1
43,pedestrian_1-1-veh_512_tr,hbefa3/pc_g_eu4,1.12,152817_0_1,uber,4929.3,1418.98,152817_0,7.427048995770164,43.732558372748976,1
44,pedestrian_1-1-veh_52_tr,hbefa3/pc_g_eu4,1.13,152701_2_1,taxi,4667.72,2174.0,152701_2,7.4203527327518595,43.73872713576025,1
45,pedestrian_1-1-veh_537_tr,hbefa3/pc_g_eu4,1.13,152234_1,uber,4580.31,2155.6,152234,7.419384703267362,43.738544028966416,1
46,pedestrian_1-1-veh_563_tr,hbefa3/pc_g_eu4,1.13,152606_4_1,taxi,5524.19,3093.33,152606_4,7.431313450589197,43.74730141684959,1
47,pedestrian_1-1-veh_579_tr,hbefa3/pc_g_eu4,1.0,152385_0,uber,4816.55,2040.71,152385,7.4225299945710255,43.73760292961856,1
48,pedestrian_1-1-veh_603_tr,hbefa3/pc_g_eu4,1.0,152667_9_1,taxi,5328.22,2693.22,152667_9,7.428554920314418,43.74351038810794,1
49,pedestrian_1-1-veh_627_tr,hbefa3/pc_g_eu4,1.0,152667_10_1,uber,5347.22,2734.56,152667_10,7.4287450048820896,43.74380679470676,1
50,pedestrian_1-1-veh_661_tr,hbefa3/pc_g_eu4,1.13,152777_1,taxi,5217.3,1523.07,152777,7.426868307860987,43.73281051226984,1
51,pedestrian_1-1-veh_672_tr,hbefa3/pc_g_eu4,1.0,152701_0_1,uber,4614.2,2184.8,152701_0,7.419575640967865,43.7387490745554,1
52,pedestrian_1-1-veh_675_tr,hbefa3/pc_g_eu4,1.13,152777_1,uber,5217.3,1523.07,152777,7.426868307860987,43.73281051226984,1
53,pedestrian_1-1-veh_677_tr,hbefa3/pc_g_eu4,0.95,152693_1_1,uber,4803.21,2371.18,152693_1,7.422142645661729,43.74052110483147,1
54,pedestrian_1-1-veh_688_tr,hbefa3/pc_g_eu4,1.13,152937_4_1,taxi,5511.52,3159.39,152937_4,7.430600650841815,43.748732410343656,1
55,pedestrian_1-1-veh_692_tr,hbefa3/pc_g_eu4,1.0,152535_6_1,taxi,5472.3,2549.04,152535_6,7.430464007216813,43.742669293321065,1
56,pedestrian_1-1-veh_701_tr,hbefa3/pc_g_eu4,1.13,152385_0,uber,4823.5,2041.55,152385,7.4225299945710255,43.73760292961856,1
57,pedestrian_1-1-veh_710_tr,hbefa3/pc_g_eu4,1.13,152767_0_1,taxi,4633.4,2161.9,152767_0,7.420034817374784,43.73865188092624,1
58,pedestrian_1-1-veh_741_tr,hbefa3/pc_g_eu4,0.93,152701_2_1,uber,4806.75,2243.3,152701_2,7.4203527327518595,43.73872713576025,1
59,pedestrian_1-1-veh_752_tr,hbefa3/pc_g_eu4,1.13,152667_10_2,taxi,5377.57,2834.47,152667_10,7.428708803342658,43.74381863207318,1
60,pedestrian_1-1-veh_75_tr,hbefa3/pc_g_eu4,0.9,152944_2_1,taxi,4571.98,2149.14,152944_2,7.41933498584095,43.73854100027936,1
61,pedestrian_1-1-veh_767_tr,hbefa3/pc_g_eu4,0.0,152816_5_2,uber,4719.64,1827.27,152816_5,7.421569278852506,43.73681578935719,1
62,pedestrian_1-1-veh_780_tr,hbefa3/pc_g_eu4,1.12,152453_1,taxi,5609.7,3154.22,152453,7.43191531234596,43.74772051892096,1
63,pedestrian_1-1-veh_787_tr,hbefa3/pc_g_eu4,1.0,152354_1_1,taxi,5381.86,2921.33,152354_1,7.430156311149092,43.746269001804,1
64,pedestrian_1-1-veh_791_tr,hbefa3/pc_g_eu4,1.0,152767_0_1,taxi,4659.6,2132.4,152767_0,7.420034817374784,43.73865188092624,1
65,pedestrian_1-1-veh_795_tr,hbefa3/pc_g_eu4,1.0,152780_1,uber,4866.38,2186.16,152780,7.422521165501899,43.739329460257615,1
66,pedestrian_1-1-veh_802_tr,hbefa3/pc_g_eu4,1.13,152667_10_1,uber,5372.0,2828.42,152667_10,7.4287450048820896,43.74380679470676,1
67,pedestrian_1-1-veh_819_tr,hbefa3/pc_g_eu4,1.13,152712_1,taxi,4836.71,2342.32,152712,7.422603113381464,43.74031362262753,1
68,pedestrian_1-1-veh_854_tr,hbefa3/pc_g_eu4,1.13,152781_1,taxi,4981.75,2118.73,152781,7.425612443088029,43.73854896804145,1
69,pedestrian_1-1-veh_855_tr,hbefa3/pc_g_eu4,1.13,152677_0_1,taxi,5406.42,2436.29,152677_0,7.429664253868867,43.74127136596668,1
70,pedestrian_1-1-veh_857_tr,hbefa3/pc_g_eu4,1.13,152698_1,taxi,5075.01,2704.95,152698,7.425288426605073,43.74346695149293,1
71,pedestrian_1-1-veh_858_tr,hbefa3/pc_g_eu4,1.0,152606_1_1,taxi,5576.01,3199.67,152606_1,7.43158531565344,43.7481244904308,1
72,pedestrian_1-1-veh_876_tr,hbefa3/pc_g_eu4,1.13,152939_1_1,uber,4792.2,2056.65,152939_1,7.4222625827974,43.73769944975256,1
73,pedestrian_1-1-veh_891_tr,hbefa3/pc_g_eu4,0.9,152817_0_1,uber,4874.53,1410.19,152817_0,7.427048995770164,43.732558372748976,1
74,pedestrian_1-1-veh_893_tr,hbefa3/pc_g_eu4,1.13,152677_0_1,uber,5406.42,2436.29,152677_0,7.429664253868867,43.74127136596668,1
75,pedestrian_1-1-veh_898_tr,hbefa3/pc_g_eu4,1.0,152701_0_1,uber,4610.08,2185.32,152701_0,7.419575640967865,43.7387490745554,1
76,pedestrian_1-1-veh_94_tr,hbefa3/pc_g_eu4,1.13,152229_2,taxi,4574.84,2173.08,152229,7.419399812013624,43.73875798737404,1
77,pedestrian_2-1_1000_tr,hbefa3/pc_g_eu4,1.13,152453_1,taxi,5606.53,3162.15,152453,7.43191531234596,43.74772051892096,1
78,pedestrian_2-1_1003_tr,hbefa3/pc_g_eu4,1.0,152937_3_1,uber,5529.47,3283.68,152937_3,7.430984284531499,43.74890947019392,1
79,pedestrian_2-1_1022_tr,hbefa3/pc_g_eu4,1.13,152699_1,uber,4972.82,2407.21,152699,7.423725502691167,43.74034216599415,1
80,pedestrian_2-1_1036_tr,hbefa3/pc_g_eu4,1.13,152649_1_1,taxi,5160.86,2753.96,152649_1,7.42667707646459,43.74420926141117,1
81,pedestrian_2-1_1073_tr,hbefa3/pc_g_eu4,1.13,152648_6_1,taxi,5304.96,2828.77,152648_6,7.428242470896364,43.74471979781872,1
82,pedestrian_2-1_1090_tr,hbefa3/pc_g_eu4,1.0,153415_1_1,taxi,4702.99,2392.11,153415_1,7.421542403089443,43.74124130964396,1
83,pedestrian_2-1_1093_tr,hbefa3/pc_g_eu4,1.13,153423_3_2,uber,4192.02,2539.95,153423_3,7.415775592640104,43.74170821397994,1
84,pedestrian_2-1_1118_tr,hbefa3/pc_g_eu4,1.01,153413_1_1,taxi,5086.94,2740.66,153413_1,7.426597682539424,43.74438122052421,1
85,pedestrian_2-1_1135_tr,hbefa3/pc_g_eu4,1.12,152944_2_1,taxi,4569.9,2135.9,152944_2,7.41933498584095,43.73854100027936,1
86,pedestrian_2-1_1150_tr,hbefa3/pc_g_eu4,1.0,152708_1_1,taxi,4724.46,2237.23,152708_1,7.420253545187488,43.739004431161,1
87,pedestrian_2-1_1185_tr,hbefa3/pc_g_eu4,1.07,152703_1,uber,4996.4,2326.1,152703,7.4243133429058945,43.74005080799117,1
88,pedestrian_2-1_1202_tr,hbefa3/pc_g_eu4,0.98,153423_3_1,uber,4201.02,2537.38,153423_3,7.415777191716104,43.74173704818613,1
89,pedestrian_2-1_1248_tr,hbefa3/pc_g_eu4,1.0,153330_0_1,uber,4799.2,2698.99,153330_0,7.420892602645629,43.74282563767041,1
90,pedestrian_2-1_1280_tr,hbefa3/pc_g_eu4,1.13,152693_1_1,taxi,4807.03,2370.56,152693_1,7.422142645661729,43.74052110483147,1
91,pedestrian_2-1_1287_tr,hbefa3/pc_g_eu4,1.13,153420_7_1,taxi,4974.48,2948.33,153420_7,7.4240693844233885,43.74576600280248,1
92,pedestrian_2-1_1289_tr,hbefa3/pc_g_eu4,1.0,152667_5_1,taxi,5243.48,2526.83,152667_5,7.427523581677126,43.74200355684615,1
93,pedestrian_2-1_128_tr,hbefa3/pc_g_eu4,1.0,152606_3_1,uber,5557.13,3152.74,152606_3,7.431254464109463,43.74774800371824,1
94,pedestrian_2-1_1305_tr,hbefa3/pc_g_eu4,1.0,152648_6_1,uber,5323.05,2876.66,152648_6,7.428242470896364,43.74471979781872,1
95,pedestrian_2-1_1313_tr,hbefa3/pc_g_eu4,1.13,152780_1,taxi,4866.76,2162.07,152780,7.422521165501899,43.739329460257615,1
96,pedestrian_2-1_1314_tr,hbefa3/pc_g_eu4,0.93,153384_1_1,uber,4715.16,3424.36,153384_1,7.422667970437861,43.74951942009191,1
97,pedestrian_2-1_1315_tr,hbefa3/pc_g_eu4,1.0,153413_11_1,uber,4817.16,2475.89,153413_11,7.422661433444616,43.74187604045863,1
98,pedestrian_2-1_1339_tr,hbefa3/pc_g_eu4,1.0,153330_0_1,taxi,4799.2,2698.99,153330_0,7.420892602645629,43.74282563767041,1
99,pedestrian_2-1_1347_tr,hbefa3/pc_g_eu4,1.0,152608_1,uber,5498.34,3107.23,152608,7.430283891775882,43.74671454963204,1
100,pedestrian_2-1_1371_tr,hbefa3/pc_g_eu4,1.13,152693_1_1,uber,4807.03,2370.56,152693_1,7.422142645661729,43.74052110483147,1
101,pedestrian_2-1_1381_tr,hbefa3/pc_g_eu4,1.13,153412_2_1,taxi,4574.89,2604.1,153412_2,7.4192003237476225,43.74258686959,1
102,pedestrian_2-1_1414_tr,hbefa3/pc_g_eu4,1.13,152648_6_1,uber,5304.96,2828.77,152648_6,7.428242470896364,43.74471979781872,1
103,pedestrian_2-1_1417_tr,hbefa3/pc_g_eu4,1.0,153331_7_1,taxi,4863.97,2668.08,153331_7,7.422614871972857,43.74308154166855,1
104,pedestrian_2-1_1432_tr,hbefa3/pc_g_eu4,1.0,152696_1,uber,4892.27,2434.58,152696,7.422858843092192,43.740875295792215,1
105,pedestrian_2-1_1451_tr,hbefa3/pc_g_eu4,1.0,153330_0_1,uber,4799.2,2698.99,153330_0,7.420892602645629,43.74282563767041,1
106,pedestrian_2-1_145_tr,hbefa3/pc_g_eu4,1.04,153423_1_1,uber,4452.54,2568.09,153423_1,7.418571736619037,43.74232021435641,1
107,pedestrian_2-1_1485_tr,hbefa3/pc_g_eu4,1.01,152996_2_1,taxi,4874.43,2647.31,152996_2,7.422839315480593,43.74294328059868,1
108,pedestrian_2-1_1501_tr,hbefa3/pc_g_eu4,1.13,153423_3_2,taxi,4196.85,2540.29,153423_3,7.415775592640104,43.74170821397994,1
109,pedestrian_2-1_1504_tr,hbefa3/pc_g_eu4,0.93,153423_3_1,uber,4188.15,2536.22,153423_3,7.415777191716104,43.74173704818613,1
110,pedestrian_2-1_1514_tr,hbefa3/pc_g_eu4,1.13,153331_11_1,uber,5008.12,2823.81,153331_11,7.423973521622085,43.74441177598226,1
111,pedestrian_2-1_153_tr,hbefa3/pc_g_eu4,1.13,153330_0_1,taxi,4712.14,2627.34,153330_0,7.420892602645629,43.74282563767041,1
112,pedestrian_2-1_1545_tr,hbefa3/pc_g_eu4,1.13,153413_1_1,taxi,5159.52,2782.22,153413_1,7.426597682539424,43.74438122052421,1
113,pedestrian_2-1_161_tr,hbefa3/pc_g_eu4,1.13,152996_2_1,uber,4935.2,2691.52,152996_2,7.422839315480593,43.74294328059868,1
114,pedestrian_2-1_1663_tr,hbefa3/pc_g_eu4,1.07,153331_7_1,uber,4855.54,2659.36,153331_7,7.422614871972857,43.74308154166855,1
115,pedestrian_2-1_1680_tr,hbefa3/pc_g_eu4,1.0,153387_4_1,uber,4429.73,3534.78,153387_4,7.417255892385748,43.75104491225271,1
116,pedestrian_2-1_1718_tr,hbefa3/pc_g_eu4,1.0,152608_1,taxi,5492.89,3085.88,152608,7.430283891775882,43.74671454963204,1
117,pedestrian_2-1_1737_tr,hbefa3/pc_g_eu4,1.0,152820_1,uber,4614.46,1847.62,152820,7.421477869262086,43.73700063460476,1
118,pedestrian_2-1_173_tr,hbefa3/pc_g_eu4,1.13,153415_1_1,taxi,4751.8,2447.16,153415_1,7.421542403089443,43.74124130964396,1
119,pedestrian_2-1_1754_tr,hbefa3/pc_g_eu4,1.0,153399_1_1,taxi,5242.26,3000.88,153399_1,7.427269394094772,43.744909804241445,1
120,pedestrian_2-1_179_tr,hbefa3/pc_g_eu4,1.13,152781_1,taxi,5006.77,2106.39,152781,7.425612443088029,43.73854896804145,1
121,pedestrian_2-1_1807_tr,hbefa3/pc_g_eu4,1.0,152649_4_1,uber,5014.57,2587.49,152649_4,7.425131143477895,43.74290069829946,1
122,pedestrian_2-1_1819_tr,hbefa3/pc_g_eu4,1.0,153410_0_1,uber,4340.03,2510.3,153410_0,7.416171358477254,43.74169029032071,1
123,pedestrian_2-1_1855_tr,hbefa3/pc_g_eu4,1.0,153410_0_1,uber,4334.23,2507.17,153410_0,7.416171358477254,43.74169029032071,1
124,pedestrian_2-1_1859_tr,hbefa3/pc_g_eu4,0.99,153331_7_1,taxi,4880.83,2707.65,153331_7,7.422614871972857,43.74308154166855,1
125,pedestrian_2-1_1876_tr,hbefa3/pc_g_eu4,1.13,153331_7_1,uber,4850.45,2654.09,153331_7,7.422614871972857,43.74308154166855,1
126,pedestrian_2-1_1902_tr,hbefa3/pc_g_eu4,1.13,152605_2_1,taxi,5598.1,3122.91,152605_2,7.431822800242084,43.74724421119824,1
127,pedestrian_2-1_1905_tr,hbefa3/pc_g_eu4,1.0,153421_3_1,uber,4363.19,2633.62,153421_3,7.41464745095296,43.74289898197951,1
128,pedestrian_2-1_1911_tr,hbefa3/pc_g_eu4,1.0,153423_1_1,uber,4510.88,2568.45,153423_1,7.418571736619037,43.74232021435641,1
129,pedestrian_2-1_1963_tr,hbefa3/pc_g_eu4,1.0,153331_7_1,uber,4881.86,2691.58,153331_7,7.422614871972857,43.74308154166855,1
130,pedestrian_2-1_1969_tr,hbefa3/pc_g_eu4,1.13,153404_1_1,taxi,4518.14,2266.21,153404_1,7.418798089602881,43.739538572746135,1
131,pedestrian_2-1_2008_tr,hbefa3/pc_g_eu4,1.0,153413_1_1,taxi,5080.12,2737.63,153413_1,7.426597682539424,43.74438122052421,1
132,pedestrian_2-1_2053_tr,hbefa3/pc_g_eu4,1.0,153413_1_1,uber,5156.01,2780.22,153413_1,7.426597682539424,43.74438122052421,1
133,pedestrian_2-1_2075_tr,hbefa3/pc_g_eu4,1.12,153399_1_1,taxi,5224.34,3047.26,153399_1,7.427269394094772,43.744909804241445,1
134,pedestrian_2-1_2093_tr,hbefa3/pc_g_eu4,0.99,153410_0_1,uber,4340.58,2510.6,153410_0,7.416171358477254,43.74169029032071,1
135,pedestrian_2-1_2102_tr,hbefa3/pc_g_eu4,1.13,152648_2_1,taxi,5239.42,2686.61,152648_2,7.427164528311472,43.74328012088813,1
136,pedestrian_2-1_2106_tr,hbefa3/pc_g_eu4,1.0,152354_1_1,uber,5446.13,2970.51,152354_1,7.430156311149092,43.746269001804,1
137,pedestrian_2-1_2148_tr,hbefa3/pc_g_eu4,1.0,153330_0_1,uber,4792.89,2694.95,153330_0,7.420892602645629,43.74282563767041,1
138,pedestrian_2-1_2150_tr,hbefa3/pc_g_eu4,1.0,152999_1,taxi,4716.65,2307.32,152999,7.420942466240509,43.73989911330357,1
139,pedestrian_2-1_2152_tr,hbefa3/pc_g_eu4,1.0,153420_1_2,taxi,4213.37,2924.61,153420_1,7.414728232693389,43.74525881714848,1
140,pedestrian_2-1_2248_tr,hbefa3/pc_g_eu4,1.13,152691_1,uber,4424.57,2422.33,152691,7.417991595374759,43.74037943646687,1
141,pedestrian_2-1_2255_tr,hbefa3/pc_g_eu4,0.93,153410_4_1,uber,4453.27,2424.86,153410_4,7.417657670584266,43.74125583124379,1
142,pedestrian_2-1_2259_tr,hbefa3/pc_g_eu4,1.13,153415_1_1,uber,4683.71,2377.65,153415_1,7.421542403089443,43.74124130964396,1
143,pedestrian_2-1_2265_tr,hbefa3/pc_g_eu4,1.13,153413_11_1,taxi,4846.21,2511.87,153413_11,7.422661433444616,43.74187604045863,1
144,pedestrian_2-1_2272_tr,hbefa3/pc_g_eu4,1.13,153649_1_1,taxi,4926.71,2544.95,153649_1,7.423226782950425,43.74228135896651,1
145,pedestrian_2-1_2274_tr,hbefa3/pc_g_eu4,1.13,152701_5_1,uber,4955.81,2308.66,152701_5,7.4239642804573025,43.73989374056241,1
146,pedestrian_2-1_2316_tr,hbefa3/pc_g_eu4,1.13,152996_7_1,uber,5059.4,2759.25,152996_7,7.425176538569707,43.74406812128543,1
147,pedestrian_2-1_231_tr,hbefa3/pc_g_eu4,1.0,153410_5_1,uber,4460.61,2401.27,153410_5,7.417849092429446,43.740810814661074,1
148,pedestrian_2-1_2338_tr,hbefa3/pc_g_eu4,1.0,152608_1,taxi,5496.06,3099.96,152608,7.430283891775882,43.74671454963204,1
149,pedestrian_2-1_2341_tr,hbefa3/pc_g_eu4,1.13,152648_6_1,uber,5336.62,2950.09,152648_6,7.428242470896364,43.74471979781872,1
150,pedestrian_2-1_2348_tr,hbefa3/pc_g_eu4,1.13,153383_2_2,uber,5186.9,3644.4,153383_2,7.426546493675715,43.75210852789752,1
151,pedestrian_2-1_235_tr,hbefa3/pc_g_eu4,0.98,152169_1,uber,5589.79,3145.16,152169,7.431837327253403,43.74764390722535,1
152,pedestrian_2-1_2361_tr,hbefa3/pc_g_eu4,1.13,153331_7_1,uber,4850.45,2654.09,153331_7,7.422614871972857,43.74308154166855,1
153,pedestrian_2-1_2364_tr,hbefa3/pc_g_eu4,1.0,152701_3_1,taxi,4838.22,2255.8,152701_3,7.422566087092987,43.73942056822773,1
154,pedestrian_2-1_2369_tr,hbefa3/pc_g_eu4,1.0,153383_1_1,taxi,5137.33,3671.2,153383_1,7.425675146725787,43.75215631130493,1
155,pedestrian_2-1_2381_tr,hbefa3/pc_g_eu4,1.08,152649_4_1,taxi,5019.61,2593.17,152649_4,7.425131143477895,43.74290069829946,1
156,pedestrian_2-1_239_tr,hbefa3/pc_g_eu4,1.0,152996_0_1,taxi,4796.32,2590.16,152996_0,7.421942651098951,43.74254157872619,1
157,pedestrian_2-1_2425_tr,hbefa3/pc_g_eu4,1.0,152937_4_1,uber,5498.37,3208.23,152937_4,7.430600650841815,43.748732410343656,1
158,pedestrian_2-1_2455_tr,hbefa3/pc_g_eu4,1.13,152608_1,uber,5474.98,3046.49,152608,7.430283891775882,43.74671454963204,1
159,pedestrian_2-1_2456_tr,hbefa3/pc_g_eu4,1.0,153410_0_1,taxi,4337.18,2512.39,153410_0,7.416171358477254,43.74169029032071,1
160,pedestrian_2-1_2469_tr,hbefa3/pc_g_eu4,0.93,153413_1_1,uber,5071.79,2733.93,153413_1,7.426597682539424,43.74438122052421,1
161,pedestrian_2-1_2483_tr,hbefa3/pc_g_eu4,1.0,153413_1_1,uber,5156.01,2780.22,153413_1,7.426597682539424,43.74438122052421,1
162,pedestrian_2-1_2502_tr,hbefa3/pc_g_eu4,1.0,152712_1,taxi,4836.52,2355.22,152712,7.422603113381464,43.74031362262753,1
163,pedestrian_2-1_2509_tr,hbefa3/pc_g_eu4,0.93,153406_0_1,uber,4985.57,2558.8,153406_0,7.424482899754646,43.74236909406181,1
164,pedestrian_2-1_2566_tr,hbefa3/pc_g_eu4,1.13,153423_3_2,taxi,4187.35,2539.31,153423_3,7.415775592640104,43.74170821397994,1
165,pedestrian_2-1_2573_tr,hbefa3/pc_g_eu4,1.0,153556_1,taxi,4661.44,2295.13,153556,7.420583130794427,43.73998670596818,1
166,pedestrian_2-1_2578_tr,hbefa3/pc_g_eu4,1.0,152780_1,taxi,4867.23,2179.75,152780,7.422521165501899,43.739329460257615,1
167,pedestrian_2-1_2621_tr,hbefa3/pc_g_eu4,1.13,152703_1,uber,5012.88,2348.86,152703,7.4243133429058945,43.74005080799117,1
168,pedestrian_2-1_262_tr,hbefa3/pc_g_eu4,1.13,153410_0_1,taxi,4330.03,2506.03,153410_0,7.416171358477254,43.74169029032071,1
169,pedestrian_2-1_2644_tr,hbefa3/pc_g_eu4,1.13,152670_3_1,uber,5416.81,2448.36,152670_3,7.429724447054644,43.74152934065677,1
170,pedestrian_2-1_265_tr,hbefa3/pc_g_eu4,1.08,152693_1_1,taxi,4812.24,2376.08,152693_1,7.422142645661729,43.74052110483147,1
171,pedestrian_2-1_2673_tr,hbefa3/pc_g_eu4,1.0,152996_2_1,taxi,4931.45,2688.72,152996_2,7.422839315480593,43.74294328059868,1
172,pedestrian_2-1_270_tr,hbefa3/pc_g_eu4,0.0,153423_3_2,uber,4206.53,2539.32,153423_3,7.415775592640104,43.74170821397994,1
173,pedestrian_2-1_2715_tr,hbefa3/pc_g_eu4,1.13,152657_2_1,uber,5170.45,2308.18,152657_2,7.426230320705754,43.74027638838367,1
174,pedestrian_2-1_2716_tr,hbefa3/pc_g_eu4,1.12,153410_0_1,uber,4332.82,2510.04,153410_0,7.416171358477254,43.74169029032071,1
175,pedestrian_2-1_2718_tr,hbefa3/pc_g_eu4,1.13,152701_0_1,taxi,4609.53,2185.38,152701_0,7.419575640967865,43.7387490745554,1
176,pedestrian_2-1_2743_tr,hbefa3/pc_g_eu4,1.0,153415_0_1,uber,4748.07,2400.83,153415_0,7.421222325066124,43.74063354566076,1
177,pedestrian_2-1_2760_tr,hbefa3/pc_g_eu4,1.0,153423_3_1,taxi,4215.38,2532.67,153423_3,7.415777191716104,43.74173704818613,1
178,pedestrian_2-1_2774_tr,hbefa3/pc_g_eu4,1.13,152667_10_1,taxi,5369.66,2821.93,152667_10,7.4287450048820896,43.74380679470676,1
179,pedestrian_2-1_2794_tr,hbefa3/pc_g_eu4,1.0,153023_0_1,taxi,5531.63,3566.91,153023_0,7.428468560406838,43.75149976343234,1
180,pedestrian_2-1_2896_tr,hbefa3/pc_g_eu4,1.13,152681_1,uber,5064.69,2675.43,152681,7.425264697471183,43.743372535189,1
181,pedestrian_2-1_2897_tr,hbefa3/pc_g_eu4,1.13,152996_2_1,taxi,4868.22,2638.54,152996_2,7.422839315480593,43.74294328059868,1
182,pedestrian_2-1_2914_tr,hbefa3/pc_g_eu4,0.99,153413_1_1,uber,5170.54,2785.07,153413_1,7.426597682539424,43.74438122052421,1
183,pedestrian_2-1_2918_tr,hbefa3/pc_g_eu4,1.0,152780_1,taxi,4856.06,2206.6,152780,7.422521165501899,43.739329460257615,1
184,pedestrian_2-1_2936_tr,hbefa3/pc_g_eu4,1.13,153413_1_1,uber,5091.84,2742.85,153413_1,7.426597682539424,43.74438122052421,1
185,pedestrian_2-1_2945_tr,hbefa3/pc_g_eu4,0.93,153423_3_2,taxi,4187.25,2539.29,153423_3,7.415775592640104,43.74170821397994,1
186,pedestrian_2-1_2957_tr,hbefa3/pc_g_eu4,1.13,152703_1,taxi,4991.29,2319.04,152703,7.4243133429058945,43.74005080799117,1
187,pedestrian_2-1_2994_tr,hbefa3/pc_g_eu4,1.0,153423_3_2,uber,4199.67,2540.49,153423_3,7.415775592640104,43.74170821397994,1
188,pedestrian_2-1_3001_tr,hbefa3/pc_g_eu4,1.13,153412_2_1,taxi,4810.05,2810.75,153412_2,7.4192003237476225,43.74258686959,1
189,pedestrian_2-1_3006_tr,hbefa3/pc_g_eu4,1.0,153410_1_1,uber,4384.02,2538.47,153410_1,7.416454178012952,43.74177821503197,1
190,pedestrian_2-1_3027_tr,hbefa3/pc_g_eu4,1.07,152767_0_1,taxi,4683.16,2125.54,152767_0,7.420034817374784,43.73865188092624,1
191,pedestrian_2-1_303_tr,hbefa3/pc_g_eu4,1.07,152605_1_1,taxi,5464.26,2961.94,152605_1,7.4301195363715395,43.74589412033082,1
192,pedestrian_2-1_3040_tr,hbefa3/pc_g_eu4,1.0,153374_6_1,uber,5519.97,3449.98,153374_6,7.429780678277885,43.75058888427021,1
193,pedestrian_2-1_3042_tr,hbefa3/pc_g_eu4,1.13,152701_0_1,uber,4597.93,2175.18,152701_0,7.419575640967865,43.7387490745554,1
194,pedestrian_2-1_3072_tr,hbefa3/pc_g_eu4,1.13,153410_0_1,uber,4330.03,2506.03,153410_0,7.416171358477254,43.74169029032071,1
195,pedestrian_2-1_3085_tr,hbefa3/pc_g_eu4,1.0,153423_3_2,taxi,4204.81,2539.84,153423_3,7.415775592640104,43.74170821397994,1
196,pedestrian_2-1_3094_tr,hbefa3/pc_g_eu4,0.95,152701_1_1,taxi,4647.02,2169.4,152701_1,7.420125374504248,43.73871219768168,1
197,pedestrian_2-1_3117_tr,hbefa3/pc_g_eu4,1.13,152767_0_1,uber,4690.91,2122.1,152767_0,7.420034817374784,43.73865188092624,1
198,pedestrian_2-1_3138_tr,hbefa3/pc_g_eu4,1.12,152453_1,uber,5609.7,3154.22,152453,7.43191531234596,43.74772051892096,1
199,pedestrian_2-1_3171_tr,hbefa3/pc_g_eu4,1.08,153423_3_1,taxi,4219.75,2530.65,153423_3,7.415777191716104,43.74173704818613,1
200,pedestrian_2-1_3173_tr,hbefa3/pc_g_eu4,1.13,153374_6_1,taxi,5519.87,3450.0,153374_6,7.429780678277885,43.75058888427021,1
201,pedestrian_2-1_3179_tr,hbefa3/pc_g_eu4,1.0,152701_0_1,taxi,4592.81,2183.96,152701_0,7.419575640967865,43.7387490745554,1
202,pedestrian_2-1_3181_tr,hbefa3/pc_g_eu4,1.0,152354_1_1,taxi,5440.97,2964.93,152354_1,7.430156311149092,43.746269001804,1
203,pedestrian_2-1_3223_tr,hbefa3/pc_g_eu4,1.0,153413_1_1,taxi,5152.91,2778.46,153413_1,7.426597682539424,43.74438122052421,1
204,pedestrian_2-1_3273_tr,hbefa3/pc_g_eu4,1.0,152648_6_1,taxi,5304.94,2828.67,152648_6,7.428242470896364,43.74471979781872,1
205,pedestrian_2-1_3281_tr,hbefa3/pc_g_eu4,1.0,152996_2_1,taxi,4871.68,2641.53,152996_2,7.422839315480593,43.74294328059868,1
206,pedestrian_2-1_3299_tr,hbefa3/pc_g_eu4,1.0,153329_1_1,uber,5222.53,2962.35,153329_1,7.427175773217359,43.74558235697704,1
207,pedestrian_2-1_3327_tr,hbefa3/pc_g_eu4,1.13,153374_6_1,taxi,5519.87,3450.0,153374_6,7.429780678277885,43.75058888427021,1
208,pedestrian_2-1_3328_tr,hbefa3/pc_g_eu4,1.13,153023_0_1,uber,5337.24,3571.9,153023_0,7.428468560406838,43.75149976343234,1
209,pedestrian_2-1_3380_tr,hbefa3/pc_g_eu4,1.13,152234_1,uber,4587.92,2167.69,152234,7.419384703267362,43.738544028966416,1
210,pedestrian_2-1_3386_tr,hbefa3/pc_g_eu4,1.13,153374_6_1,uber,5519.87,3450.0,153374_6,7.429780678277885,43.75058888427021,1
211,pedestrian_2-1_3405_tr,hbefa3/pc_g_eu4,1.0,153421_3_1,uber,4214.7,2635.12,153421_3,7.41464745095296,43.74289898197951,1
212,pedestrian_2-1_3411_tr,hbefa3/pc_g_eu4,1.0,152708_1_1,taxi,4679.48,2214.64,152708_1,7.420253545187488,43.739004431161,1
213,pedestrian_2-1_3421_tr,hbefa3/pc_g_eu4,1.0,152605_2_1,uber,5598.32,3103.62,152605_2,7.431822800242084,43.74724421119824,1
214,pedestrian_2-1_3431_tr,hbefa3/pc_g_eu4,1.13,152648_6_1,taxi,5336.62,2950.09,152648_6,7.428242470896364,43.74471979781872,1
215,pedestrian_2-1_3449_tr,hbefa3/pc_g_eu4,1.13,152708_1_1,taxi,4786.02,2263.37,152708_1,7.420253545187488,43.739004431161,1
216,pedestrian_2-1_3457_tr,hbefa3/pc_g_eu4,1.13,153414_1_1,taxi,4985.83,2620.2,153414_1,7.4242998091891454,43.7428011811358,1
217,pedestrian_2-1_3470_tr,hbefa3/pc_g_eu4,1.03,152767_0_1,taxi,4711.75,2123.52,152767_0,7.420034817374784,43.73865188092624,1
218,pedestrian_2-1_3471_tr,hbefa3/pc_g_eu4,1.13,153329_1_1,uber,5213.03,2929.69,153329_1,7.427175773217359,43.74558235697704,1
219,pedestrian_2-1_3473_tr,hbefa3/pc_g_eu4,1.0,152820_1,taxi,4612.54,1845.29,152820,7.421477869262086,43.73700063460476,1
220,pedestrian_2-1_3498_tr,hbefa3/pc_g_eu4,1.12,153410_0_1,taxi,4329.95,2509.23,153410_0,7.416171358477254,43.74169029032071,1
221,pedestrian_2-1_3509_tr,hbefa3/pc_g_eu4,0.0,152223_1,uber,5601.22,3146.38,152223,7.431845995839623,43.74765915249639,1
222,pedestrian_2-1_3529_tr,hbefa3/pc_g_eu4,1.0,153330_0_1,uber,4799.2,2698.99,153330_0,7.420892602645629,43.74282563767041,1
223,pedestrian_2-1_3564_tr,hbefa3/pc_g_eu4,1.0,153331_7_1,uber,4880.02,2703.21,153331_7,7.422614871972857,43.74308154166855,1
224,pedestrian_2-1_3585_tr,hbefa3/pc_g_eu4,1.12,153023_0_1,taxi,5531.63,3566.91,153023_0,7.428468560406838,43.75149976343234,1
225,pedestrian_2-1_3611_tr,hbefa3/pc_g_eu4,1.13,152608_1,taxi,5474.98,3046.49,152608,7.430283891775882,43.74671454963204,1
226,pedestrian_2-1_3634_tr,hbefa3/pc_g_eu4,1.13,153331_7_1,uber,4883.99,2696.72,153331_7,7.422614871972857,43.74308154166855,1
227,pedestrian_2-1_3638_tr,hbefa3/pc_g_eu4,1.0,152667_7_1,taxi,5287.03,2589.14,152667_7,7.428070042745598,43.74256246579862,1
228,pedestrian_2-1_3653_tr,hbefa3/pc_g_eu4,1.13,152605_1_1,taxi,5584.03,3091.73,152605_1,7.4301195363715395,43.74589412033082,1
229,pedestrian_2-1_3655_tr,hbefa3/pc_g_eu4,1.0,152715_1,taxi,4819.46,2322.59,152715,7.421931102633493,43.739880266899725,1
230,pedestrian_2-1_3660_tr,hbefa3/pc_g_eu4,1.13,152647_0_1,taxi,5126.82,2544.68,152647_0,7.425924891020323,43.74191347776008,1
231,pedestrian_2-1_3683_tr,hbefa3/pc_g_eu4,1.0,152767_0_1,uber,4668.57,2124.81,152767_0,7.420034817374784,43.73865188092624,1
232,pedestrian_2-1_3714_tr,hbefa3/pc_g_eu4,1.09,153413_1_1,taxi,5137.86,2769.89,153413_1,7.426597682539424,43.74438122052421,1
233,pedestrian_2-1_3726_tr,hbefa3/pc_g_eu4,0.93,153410_1_1,uber,4391.23,2536.93,153410_1,7.416454178012952,43.74177821503197,1
234,pedestrian_2-1_3745_tr,hbefa3/pc_g_eu4,1.13,152780_1,uber,4852.53,2211.36,152780,7.422521165501899,43.739329460257615,1
235,pedestrian_2-1_3749_tr,hbefa3/pc_g_eu4,0.93,153374_6_1,uber,5519.97,3449.98,153374_6,7.429780678277885,43.75058888427021,1
236,pedestrian_2-1_3762_tr,hbefa3/pc_g_eu4,1.13,153420_1_2,uber,4164.24,2859.64,153420_1,7.414728232693389,43.74525881714848,1
237,pedestrian_2-1_3768_tr,hbefa3/pc_g_eu4,1.0,152937_4_1,taxi,5509.02,3173.73,152937_4,7.430600650841815,43.748732410343656,1
238,pedestrian_2-1_3774_tr,hbefa3/pc_g_eu4,1.0,152776_1,uber,5192.0,1469.79,152776,7.427277115904525,43.73231093744391,1
239,pedestrian_2-1_3790_tr,hbefa3/pc_g_eu4,1.0,152937_3_1,uber,5557.8,3283.8,152937_3,7.430984284531499,43.74890947019392,1
240,pedestrian_2-1_3815_tr,hbefa3/pc_g_eu4,1.0,153374_6_1,uber,5324.29,3484.83,153374_6,7.429780678277885,43.75058888427021,1
241,pedestrian_2-1_3835_tr,hbefa3/pc_g_eu4,1.0,153421_3_1,uber,4355.6,2632.72,153421_3,7.41464745095296,43.74289898197951,1
242,pedestrian_2-1_3857_tr,hbefa3/pc_g_eu4,1.0,153415_3_1,taxi,4473.43,2337.8,153415_3,7.419498362238959,43.74011450724095,1
243,pedestrian_2-1_3867_tr,hbefa3/pc_g_eu4,1.0,153331_7_1,taxi,4880.02,2703.21,153331_7,7.422614871972857,43.74308154166855,1
244,pedestrian_2-1_3875_tr,hbefa3/pc_g_eu4,0.97,153398_2_1,uber,5271.33,2764.77,153398_2,7.42792103830092,43.74418424436626,1
245,pedestrian_2-1_3899_tr,hbefa3/pc_g_eu4,1.13,153374_6_1,uber,5519.87,3450.0,153374_6,7.429780678277885,43.75058888427021,1
246,pedestrian_2-1_3924_tr,hbefa3/pc_g_eu4,1.13,152453_1,taxi,5609.37,3154.84,152453,7.43191531234596,43.74772051892096,1
247,pedestrian_2-1_3935_tr,hbefa3/pc_g_eu4,1.0,153331_7_1,uber,4869.13,2673.42,153331_7,7.422614871972857,43.74308154166855,1
248,pedestrian_2-1_3940_tr,hbefa3/pc_g_eu4,1.0,152944_2_1,uber,4569.9,2135.9,152944_2,7.41933498584095,43.73854100027936,1
249,pedestrian_2-1_3957_tr,hbefa3/pc_g_eu4,0.0,152701_0_1,taxi,4607.23,2185.62,152701_0,7.419575640967865,43.7387490745554,1
250,pedestrian_2-1_3966_tr,hbefa3/pc_g_eu4,0.99,152944_2_1,taxi,4570.67,2147.0,152944_2,7.41933498584095,43.73854100027936,1
251,pedestrian_2-1_396_tr,hbefa3/pc_g_eu4,1.0,153556_1,uber,4668.09,2301.31,153556,7.420583130794427,43.73998670596818,1
252,pedestrian_2-1_398_tr,hbefa3/pc_g_eu4,1.13,152701_0_1,taxi,4597.93,2175.18,152701_0,7.419575640967865,43.7387490745554,1
253,pedestrian_2-1_4056_tr,hbefa3/pc_g_eu4,1.13,152725_1_1,uber,4214.05,2721.57,152725_1,7.414685969847486,43.74363224228581,1
254,pedestrian_2-1_4064_tr,hbefa3/pc_g_eu4,1.13,153384_1_1,taxi,4721.78,3421.15,153384_1,7.422667970437861,43.74951942009191,1
255,pedestrian_2-1_4071_tr,hbefa3/pc_g_eu4,1.13,152591_3_1,uber,5179.8,3197.33,152591_3,7.4273270422498,43.74903035631216,1
256,pedestrian_2-1_408_tr,hbefa3/pc_g_eu4,1.13,153374_6_1,uber,5519.87,3450.0,153374_6,7.429780678277885,43.75058888427021,1
257,pedestrian_2-1_4091_tr,hbefa3/pc_g_eu4,1.13,152606_8_1,taxi,5488.59,3119.62,152606_8,7.430529810429296,43.74742724345892,1
258,pedestrian_2-1_4103_tr,hbefa3/pc_g_eu4,1.13,152591_3_1,uber,5179.8,3197.33,152591_3,7.4273270422498,43.74903035631216,1
259,pedestrian_2-1_4119_tr,hbefa3/pc_g_eu4,1.0,153423_3_2,uber,4192.02,2539.95,153423_3,7.415775592640104,43.74170821397994,1
260,pedestrian_2-1_4153_tr,hbefa3/pc_g_eu4,1.13,152711_2_1,taxi,4849.06,2316.39,152711_2,7.4227085479104655,43.74011969629026,1
261,pedestrian_2-1_4158_tr,hbefa3/pc_g_eu4,1.0,152701_0_1,uber,4607.28,2185.61,152701_0,7.419575640967865,43.7387490745554,1
262,pedestrian_2-1_4166_tr,hbefa3/pc_g_eu4,0.91,152606_0_1,taxi,5586.51,3193.62,152606_0,7.431643789012533,43.74810170315136,1
263,pedestrian_2-1_4171_tr,hbefa3/pc_g_eu4,1.0,153415_5_1,taxi,4615.79,2403.11,153415_5,7.41929965353513,43.74052079971167,1
264,pedestrian_2-1_417_tr,hbefa3/pc_g_eu4,1.13,152649_1_1,uber,5128.65,2719.05,152649_1,7.42667707646459,43.74420926141117,1
265,pedestrian_2-1_4209_tr,hbefa3/pc_g_eu4,1.0,152767_0_1,taxi,4635.43,2149.86,152767_0,7.420034817374784,43.73865188092624,1
266,pedestrian_2-1_4216_tr,hbefa3/pc_g_eu4,1.13,152649_1_1,taxi,5172.96,2765.85,152649_1,7.42667707646459,43.74420926141117,1
267,pedestrian_2-1_4223_tr,hbefa3/pc_g_eu4,1.0,153413_1_1,taxi,5152.91,2778.46,153413_1,7.426597682539424,43.74438122052421,1
268,pedestrian_2-1_4245_tr,hbefa3/pc_g_eu4,1.0,153423_3_2,uber,4288.43,2508.78,153423_3,7.415775592640104,43.74170821397994,1
269,pedestrian_2-1_4268_tr,hbefa3/pc_g_eu4,0.93,152649_4_1,taxi,5010.96,2583.42,152649_4,7.425131143477895,43.74290069829946,1
270,pedestrian_2-1_4301_tr,hbefa3/pc_g_eu4,1.0,152354_1_1,taxi,5391.03,2930.96,152354_1,7.430156311149092,43.746269001804,1
271,pedestrian_2-1_4309_tr,hbefa3/pc_g_eu4,1.13,153414_1_1,uber,4985.83,2620.2,153414_1,7.4242998091891454,43.7428011811358,1
272,pedestrian_2-1_4325_tr,hbefa3/pc_g_eu4,1.0,153374_6_1,uber,5519.97,3449.98,153374_6,7.429780678277885,43.75058888427021,1
273,pedestrian_2-1_4331_tr,hbefa3/pc_g_eu4,1.0,152354_0_1,uber,5386.28,2959.3,152354_0,7.428862421037954,43.74600757739753,1
274,pedestrian_2-1_4383_tr,hbefa3/pc_g_eu4,1.13,153331_11_1,taxi,4963.78,2798.43,153331_11,7.423973521622085,43.74441177598226,1
275,pedestrian_2-1_43_tr,hbefa3/pc_g_eu4,0.98,153415_3_1,uber,4584.88,2324.48,153415_3,7.419498362238959,43.74011450724095,1
276,pedestrian_2-1_4427_tr,hbefa3/pc_g_eu4,1.0,153330_0_1,uber,4799.2,2698.99,153330_0,7.420892602645629,43.74282563767041,1
277,pedestrian_2-1_4432_tr,hbefa3/pc_g_eu4,1.0,153415_5_1,taxi,4589.14,2384.07,153415_5,7.41929965353513,43.74052079971167,1
278,pedestrian_2-1_4454_tr,hbefa3/pc_g_eu4,1.13,153374_9_1,uber,5286.77,3430.36,153374_9,7.427860383640094,43.75021601639549,1
279,pedestrian_2-1_4497_tr,hbefa3/pc_g_eu4,1.12,152780_1,uber,4868.78,2155.14,152780,7.422521165501899,43.739329460257615,1
280,pedestrian_2-1_4521_tr,hbefa3/pc_g_eu4,1.0,152996_2_1,uber,4885.52,2654.96,152996_2,7.422839315480593,43.74294328059868,1
281,pedestrian_2-1_4524_tr,hbefa3/pc_g_eu4,1.13,153410_0_1,uber,4330.03,2506.03,153410_0,7.416171358477254,43.74169029032071,1
282,pedestrian_2-1_452_tr,hbefa3/pc_g_eu4,1.0,153410_0_1,uber,4338.33,2509.37,153410_0,7.416171358477254,43.74169029032071,1
283,pedestrian_2-1_454_tr,hbefa3/pc_g_eu4,1.13,152605_1_1,taxi,5460.15,2955.56,152605_1,7.4301195363715395,43.74589412033082,1
284,pedestrian_2-1_4563_tr,hbefa3/pc_g_eu4,1.09,153423_3_1,uber,4203.07,2537.03,153423_3,7.415777191716104,43.74173704818613,1
285,pedestrian_2-1_4572_tr,hbefa3/pc_g_eu4,1.0,152648_0_1,uber,5182.56,2633.19,152648_0,7.426215262171083,43.74227780782544,1
286,pedestrian_2-1_4591_tr,hbefa3/pc_g_eu4,1.13,153330_0_1,taxi,4712.14,2627.34,153330_0,7.420892602645629,43.74282563767041,1
287,pedestrian_2-1_4616_tr,hbefa3/pc_g_eu4,1.0,152648_6_1,uber,5336.53,2947.92,152648_6,7.428242470896364,43.74471979781872,1
288,pedestrian_2-1_4638_tr,hbefa3/pc_g_eu4,1.13,153331_7_1,uber,4880.08,2703.13,153331_7,7.422614871972857,43.74308154166855,1
289,pedestrian_2-1_4668_tr,hbefa3/pc_g_eu4,1.13,152775_3_1,taxi,5091.38,2190.39,152775_3,7.425904974014212,43.73899607345171,1
290,pedestrian_2-1_4696_tr,hbefa3/pc_g_eu4,1.13,152937_4_1,uber,5499.22,3261.62,152937_4,7.430600650841815,43.748732410343656,1
291,pedestrian_2-1_4722_tr,hbefa3/pc_g_eu4,1.0,153023_0_1,taxi,5337.17,3571.97,153023_0,7.428468560406838,43.75149976343234,1
292,pedestrian_2-1_4731_tr,hbefa3/pc_g_eu4,1.02,153331_7_1,taxi,4854.85,2663.26,153331_7,7.422614871972857,43.74308154166855,1
293,pedestrian_2-1_4748_tr,hbefa3/pc_g_eu4,1.13,152775_0_2,uber,5175.65,2125.14,152775_0,7.426804217926887,43.73801327049943,1
294,pedestrian_2-1_4753_tr,hbefa3/pc_g_eu4,1.0,152776_1,uber,5195.85,1467.64,152776,7.427277115904525,43.73231093744391,1
295,pedestrian_2-1_4763_tr,hbefa3/pc_g_eu4,1.0,152705_0_1,uber,5049.49,2412.02,152705_0,7.425056549296465,43.74076766913512,1
296,pedestrian_2-1_4813_tr,hbefa3/pc_g_eu4,0.97,152649_4_1,taxi,5013.58,2586.37,152649_4,7.425131143477895,43.74290069829946,1
297,pedestrian_2-1_483_tr,hbefa3/pc_g_eu4,1.0,153413_11_1,uber,4832.05,2496.71,153413_11,7.422661433444616,43.74187604045863,1
298,pedestrian_2-1_4841_tr,hbefa3/pc_g_eu4,1.0,153413_11_1,taxi,4816.95,2480.36,153413_11,7.422661433444616,43.74187604045863,1
299,pedestrian_2-1_4863_tr,hbefa3/pc_g_eu4,1.13,153374_6_1,uber,5519.87,3450.0,153374_6,7.429780678277885,43.75058888427021,1
300,pedestrian_2-1_488_tr,hbefa3/pc_g_eu4,1.13,153374_6_1,taxi,5519.87,3450.0,153374_6,7.429780678277885,43.75058888427021,1
301,pedestrian_2-1_4891_tr,hbefa3/pc_g_eu4,1.0,153413_1_1,uber,5152.91,2778.46,153413_1,7.426597682539424,43.74438122052421,1
302,pedestrian_2-1_4926_tr,hbefa3/pc_g_eu4,1.13,152605_1_1,taxi,5569.3,3075.73,152605_1,7.4301195363715395,43.74589412033082,1
303,pedestrian_2-1_4948_tr,hbefa3/pc_g_eu4,1.1,152169_1,uber,5599.24,3143.47,152169,7.431837327253403,43.74764390722535,1
304,pedestrian_2-1_499_tr,hbefa3/pc_g_eu4,1.13,152608_1,uber,5474.98,3046.49,152608,7.430283891775882,43.74671454963204,1
305,pedestrian_2-1_5040_tr,hbefa3/pc_g_eu4,0.97,152649_2_1,uber,5087.71,2670.71,152649_2,7.425698255667239,43.74339138448873,1
306,pedestrian_2-1_5043_tr,hbefa3/pc_g_eu4,1.0,152712_1,uber,4838.89,2364.39,152712,7.422603113381464,43.74031362262753,1
307,pedestrian_2-1_504_tr,hbefa3/pc_g_eu4,1.13,153554_3_1,uber,4661.66,2277.63,153554_3,7.420377583021881,43.739656938059206,1
308,pedestrian_2-1_505_tr,hbefa3/pc_g_eu4,1.13,153404_1_1,uber,4527.22,2264.06,153404_1,7.418798089602881,43.739538572746135,1
309,pedestrian_2-1_5075_tr,hbefa3/pc_g_eu4,1.0,152453_1,uber,5606.02,3163.13,152453,7.43191531234596,43.74772051892096,1
310,pedestrian_2-1_5092_tr,hbefa3/pc_g_eu4,1.0,152606_3_1,taxi,5561.78,3121.46,152606_3,7.431254464109463,43.74774800371824,1
311,pedestrian_2-1_509_tr,hbefa3/pc_g_eu4,1.13,152996_2_1,uber,4882.01,2648.65,152996_2,7.422839315480593,43.74294328059868,1
312,pedestrian_2-1_5131_tr,hbefa3/pc_g_eu4,1.0,153421_3_1,uber,4208.65,2639.25,153421_3,7.41464745095296,43.74289898197951,1
313,pedestrian_2-1_5161_tr,hbefa3/pc_g_eu4,0.93,152605_2_1,uber,5587.83,3101.04,152605_2,7.431822800242084,43.74724421119824,1
314,pedestrian_2-1_5164_tr,hbefa3/pc_g_eu4,1.0,152657_2_1,taxi,5170.26,2304.29,152657_2,7.426230320705754,43.74027638838367,1
315,pedestrian_2-1_5167_tr,hbefa3/pc_g_eu4,1.0,152708_1_1,taxi,4652.81,2203.27,152708_1,7.420253545187488,43.739004431161,1
316,pedestrian_2-1_5169_tr,hbefa3/pc_g_eu4,1.0,153329_1_1,taxi,5213.08,2926.86,153329_1,7.427175773217359,43.74558235697704,1
317,pedestrian_2-1_5196_tr,hbefa3/pc_g_eu4,1.13,153410_0_1,taxi,4330.03,2506.03,153410_0,7.416171358477254,43.74169029032071,1
318,pedestrian_2-1_5198_tr,hbefa3/pc_g_eu4,1.0,152937_4_1,uber,5497.09,3257.39,152937_4,7.430600650841815,43.748732410343656,1
319,pedestrian_2-1_5216_tr,hbefa3/pc_g_eu4,1.0,153330_0_1,uber,4799.2,2698.99,153330_0,7.420892602645629,43.74282563767041,1
320,pedestrian_2-1_5233_tr,hbefa3/pc_g_eu4,1.13,153421_3_1,taxi,4363.09,2633.61,153421_3,7.41464745095296,43.74289898197951,1
321,pedestrian_2-1_5242_tr,hbefa3/pc_g_eu4,1.0,152820_1,uber,4684.6,1926.81,152820,7.421477869262086,43.73700063460476,1
322,pedestrian_2-1_5256_tr,hbefa3/pc_g_eu4,1.13,152701_0_1,uber,4614.2,2184.8,152701_0,7.419575640967865,43.7387490745554,1
323,pedestrian_2-1_5257_tr,hbefa3/pc_g_eu4,1.0,153023_0_1,uber,5337.17,3571.97,153023_0,7.428468560406838,43.75149976343234,1
324,pedestrian_2-1_5258_tr,hbefa3/pc_g_eu4,1.13,152648_6_1,taxi,5336.62,2950.09,152648_6,7.428242470896364,43.74471979781872,1
325,pedestrian_2-1_5259_tr,hbefa3/pc_g_eu4,1.0,153421_3_1,uber,4212.44,2636.6,153421_3,7.41464745095296,43.74289898197951,1
326,pedestrian_2-1_5280_tr,hbefa3/pc_g_eu4,1.0,153330_0_1,taxi,4799.2,2698.99,153330_0,7.420892602645629,43.74282563767041,1
327,pedestrian_2-1_528_tr,hbefa3/pc_g_eu4,1.13,152683_1,taxi,5072.33,2570.66,152683,7.425841928586241,43.741918367451134,1
328,pedestrian_2-1_5290_tr,hbefa3/pc_g_eu4,1.0,152996_2_1,taxi,4885.52,2654.96,152996_2,7.422839315480593,43.74294328059868,1
329,pedestrian_2-1_529_tr,hbefa3/pc_g_eu4,1.13,152648_6_1,taxi,5336.62,2950.09,152648_6,7.428242470896364,43.74471979781872,1
330,pedestrian_2-1_5328_tr,hbefa3/pc_g_eu4,1.0,152776_1,uber,5192.0,1469.79,152776,7.427277115904525,43.73231093744391,1
331,pedestrian_2-1_535_tr,hbefa3/pc_g_eu4,1.13,153329_1_1,uber,5222.53,2962.25,153329_1,7.427175773217359,43.74558235697704,1
332,pedestrian_2-1_5367_tr,hbefa3/pc_g_eu4,1.13,152693_1_1,taxi,4832.95,2402.67,152693_1,7.422142645661729,43.74052110483147,1
333,pedestrian_2-1_5409_tr,hbefa3/pc_g_eu4,1.0,153329_1_1,uber,5214.89,2942.63,153329_1,7.427175773217359,43.74558235697704,1
334,pedestrian_2-1_5425_tr,hbefa3/pc_g_eu4,1.11,152780_1,uber,4862.37,2189.21,152780,7.422521165501899,43.739329460257615,1
335,pedestrian_2-1_5443_tr,hbefa3/pc_g_eu4,1.0,152677_5_1,taxi,5243.13,2308.21,152677_5,7.427648553172541,43.74010449169988,1
336,pedestrian_2-1_5445_tr,hbefa3/pc_g_eu4,1.12,152606_2_1,taxi,5542.53,3183.45,152606_2,7.431085316742802,43.74806594506025,1
337,pedestrian_2-1_5455_tr,hbefa3/pc_g_eu4,1.13,153383_3_1,uber,5353.51,3581.24,153383_3,7.428562869150112,43.75155067106616,1
338,pedestrian_2-1_5464_tr,hbefa3/pc_g_eu4,0.91,153023_0_1,taxi,5531.63,3566.91,153023_0,7.428468560406838,43.75149976343234,1
339,pedestrian_2-1_5487_tr,hbefa3/pc_g_eu4,1.13,152701_2_1,uber,4705.89,2200.82,152701_2,7.4203527327518595,43.73872713576025,1
340,pedestrian_2-1_5490_tr,hbefa3/pc_g_eu4,1.0,152701_0_1,taxi,4606.63,2185.68,152701_0,7.419575640967865,43.7387490745554,1
341,pedestrian_2-1_5523_tr,hbefa3/pc_g_eu4,1.0,153329_1_1,uber,5214.89,2942.63,153329_1,7.427175773217359,43.74558235697704,1
342,pedestrian_2-1_5525_tr,hbefa3/pc_g_eu4,1.0,152705_0_1,uber,5042.03,2396.09,152705_0,7.425056549296465,43.74076766913512,1
343,pedestrian_2-1_5535_tr,hbefa3/pc_g_eu4,1.13,152712_1,uber,4836.54,2346.75,152712,7.422603113381464,43.74031362262753,1
344,pedestrian_2-1_556_tr,hbefa3/pc_g_eu4,1.0,152712_1,uber,4836.61,2346.68,152712,7.422603113381464,43.74031362262753,1
345,pedestrian_2-1_5591_tr,hbefa3/pc_g_eu4,1.12,152234_1,uber,4585.52,2163.01,152234,7.419384703267362,43.738544028966416,1
346,pedestrian_2-1_5593_tr,hbefa3/pc_g_eu4,1.13,152725_1_1,taxi,4214.05,2721.57,152725_1,7.414685969847486,43.74363224228581,1
347,pedestrian_2-1_5643_tr,hbefa3/pc_g_eu4,1.0,153420_1_2,uber,4213.37,2924.61,153420_1,7.414728232693389,43.74525881714848,1
348,pedestrian_2-1_5656_tr,hbefa3/pc_g_eu4,1.13,153374_6_1,uber,5310.23,3483.41,153374_6,7.429780678277885,43.75058888427021,1
349,pedestrian_2-1_5673_tr,hbefa3/pc_g_eu4,1.13,153404_1_1,taxi,4426.36,2266.17,153404_1,7.418798089602881,43.739538572746135,1
350,pedestrian_2-1_5698_tr,hbefa3/pc_g_eu4,0.99,153413_1_1,taxi,5090.31,2742.16,153413_1,7.426597682539424,43.74438122052421,1
351,pedestrian_2-1_5711_tr,hbefa3/pc_g_eu4,1.0,153421_3_1,uber,4208.65,2639.25,153421_3,7.41464745095296,43.74289898197951,1
352,pedestrian_2-1_5723_tr,hbefa3/pc_g_eu4,1.13,152628_1_1,uber,4313.6,3450.15,152628_1,7.4158649535406305,43.75019486201797,1
353,pedestrian_2-1_5737_tr,hbefa3/pc_g_eu4,1.0,152776_1,taxi,5197.13,1464.61,152776,7.427277115904525,43.73231093744391,1
354,pedestrian_2-1_5740_tr,hbefa3/pc_g_eu4,1.0,152701_0_1,taxi,4616.89,2183.96,152701_0,7.419575640967865,43.7387490745554,1
355,pedestrian_2-1_5763_tr,hbefa3/pc_g_eu4,1.0,152707_0_1,uber,4647.43,2232.99,152707_0,7.421731414620587,43.73982348647296,1
356,pedestrian_2-1_5812_tr,hbefa3/pc_g_eu4,1.13,153398_3_1,uber,5257.18,2765.12,153398_3,7.427744014776182,43.74418604059908,1
357,pedestrian_2-1_5827_tr,hbefa3/pc_g_eu4,1.0,152649_4_1,uber,5019.61,2593.17,152649_4,7.425131143477895,43.74290069829946,1
358,pedestrian_2-1_5874_tr,hbefa3/pc_g_eu4,1.0,153413_1_1,uber,5156.01,2780.22,153413_1,7.426597682539424,43.74438122052421,1
359,pedestrian_2-1_5884_tr,hbefa3/pc_g_eu4,1.0,152996_2_1,taxi,4929.14,2686.99,152996_2,7.422839315480593,43.74294328059868,1
360,pedestrian_2-1_5885_tr,hbefa3/pc_g_eu4,1.13,153423_3_2,uber,4288.33,2508.79,153423_3,7.415775592640104,43.74170821397994,1
361,pedestrian_2-1_590_tr,hbefa3/pc_g_eu4,1.11,153331_9_1,uber,4905.14,2767.22,153331_9,7.423092993164533,43.74394781965229,1
362,pedestrian_2-1_5921_tr,hbefa3/pc_g_eu4,1.0,153330_0_1,taxi,4791.23,2693.9,153330_0,7.420892602645629,43.74282563767041,1
363,pedestrian_2-1_5927_tr,hbefa3/pc_g_eu4,1.0,153331_9_1,taxi,4914.96,2774.89,153331_9,7.423092993164533,43.74394781965229,1
364,pedestrian_2-1_5936_tr,hbefa3/pc_g_eu4,1.13,152937_4_1,taxi,5499.22,3261.62,152937_4,7.430600650841815,43.748732410343656,1
365,pedestrian_2-1_5950_tr,hbefa3/pc_g_eu4,1.0,152701_0_1,uber,4621.42,2182.34,152701_0,7.419575640967865,43.7387490745554,1
366,pedestrian_2-1_5977_tr,hbefa3/pc_g_eu4,1.0,153410_1_1,uber,4380.19,2535.42,153410_1,7.416454178012952,43.74177821503197,1
367,pedestrian_2-1_5993_tr,hbefa3/pc_g_eu4,1.05,153423_3_1,taxi,4283.79,2512.26,153423_3,7.415777191716104,43.74173704818613,1
368,pedestrian_2-1_5994_tr,hbefa3/pc_g_eu4,1.13,152937_4_1,uber,5502.59,3190.62,152937_4,7.430600650841815,43.748732410343656,1
369,pedestrian_2-1_6016_tr,hbefa3/pc_g_eu4,1.13,153331_7_1,uber,4850.45,2654.09,153331_7,7.422614871972857,43.74308154166855,1
370,pedestrian_2-1_6020_tr,hbefa3/pc_g_eu4,1.13,153410_0_1,taxi,4330.03,2506.03,153410_0,7.416171358477254,43.74169029032071,1
371,pedestrian_2-1_6028_tr,hbefa3/pc_g_eu4,1.13,153399_1_1,taxi,5247.13,2984.51,153399_1,7.427269394094772,43.744909804241445,1
372,pedestrian_2-1_6057_tr,hbefa3/pc_g_eu4,1.0,152649_4_1,uber,5039.6,2615.73,152649_4,7.425131143477895,43.74290069829946,1
373,pedestrian_2-1_6113_tr,hbefa3/pc_g_eu4,1.13,152648_5_1,taxi,5298.56,2783.41,152648_5,7.428138283491031,43.74412141541697,1
374,pedestrian_2-1_6129_tr,hbefa3/pc_g_eu4,1.0,152996_2_1,taxi,4868.15,2638.46,152996_2,7.422839315480593,43.74294328059868,1
375,pedestrian_2-1_6143_tr,hbefa3/pc_g_eu4,1.13,152466_0_1,uber,4575.34,2189.15,152466_0,7.419399041975148,43.73885332661044,1
376,pedestrian_2-1_6166_tr,hbefa3/pc_g_eu4,1.0,153023_0_1,taxi,5337.17,3571.97,153023_0,7.428468560406838,43.75149976343234,1
377,pedestrian_2-1_6169_tr,hbefa3/pc_g_eu4,1.13,152466_0_1,taxi,4575.34,2189.15,152466_0,7.419399041975148,43.73885332661044,1
378,pedestrian_2-1_6170_tr,hbefa3/pc_g_eu4,1.13,153331_1_1,taxi,4711.36,2476.7,153331_1,7.4206051403620386,43.74068462185038,1
379,pedestrian_2-1_6240_tr,hbefa3/pc_g_eu4,1.13,152606_0_1,uber,5610.5,3189.13,152606_0,7.431643789012533,43.74810170315136,1
380,pedestrian_2-1_6263_tr,hbefa3/pc_g_eu4,1.0,153413_1_1,uber,5143.36,2773.02,153413_1,7.426597682539424,43.74438122052421,1
381,pedestrian_2-1_636_tr,hbefa3/pc_g_eu4,1.13,152605_2_1,taxi,5598.27,3121.27,152605_2,7.431822800242084,43.74724421119824,1
382,pedestrian_2-1_63_tr,hbefa3/pc_g_eu4,1.13,152667_10_1,taxi,5374.57,2835.56,152667_10,7.4287450048820896,43.74380679470676,1
383,pedestrian_2-1_652_tr,hbefa3/pc_g_eu4,1.0,152996_0_1,uber,4803.43,2588.05,152996_0,7.421942651098951,43.74254157872619,1
384,pedestrian_2-1_667_tr,hbefa3/pc_g_eu4,0.96,153398_2_1,taxi,5271.33,2764.77,153398_2,7.42792103830092,43.74418424436626,1
385,pedestrian_2-1_677_tr,hbefa3/pc_g_eu4,1.13,153387_4_1,taxi,4432.61,3538.35,153387_4,7.417255892385748,43.75104491225271,1
386,pedestrian_2-1_707_tr,hbefa3/pc_g_eu4,1.0,152706_2_1,taxi,4785.14,2282.54,152706_2,7.421893823976678,43.739791335104,1
387,pedestrian_2-1_709_tr,hbefa3/pc_g_eu4,1.13,153415_1_1,uber,4690.03,2381.88,153415_1,7.421542403089443,43.74124130964396,1
388,pedestrian_2-1_735_tr,hbefa3/pc_g_eu4,0.0,152453_1,taxi,5609.37,3154.84,152453,7.43191531234596,43.74772051892096,1
389,pedestrian_2-1_739_tr,hbefa3/pc_g_eu4,0.96,153398_2_1,taxi,5271.33,2764.77,153398_2,7.42792103830092,43.74418424436626,1
390,pedestrian_2-1_759_tr,hbefa3/pc_g_eu4,1.0,152776_1,uber,5194.11,1468.89,152776,7.427277115904525,43.73231093744391,1
391,pedestrian_2-1_782_tr,hbefa3/pc_g_eu4,1.13,153374_6_1,taxi,5519.87,3450.0,153374_6,7.429780678277885,43.75058888427021,1
392,pedestrian_2-1_783_tr,hbefa3/pc_g_eu4,1.0,152701_1_1,taxi,4643.86,2178.74,152701_1,7.420125374504248,43.73871219768168,1
393,pedestrian_2-1_801_tr,hbefa3/pc_g_eu4,0.98,153423_0_1,taxi,4538.96,2574.16,153423_0,7.4187278532723315,43.74240475920997,1
394,pedestrian_2-1_803_tr,hbefa3/pc_g_eu4,1.0,153413_1_1,uber,5159.52,2782.22,153413_1,7.426597682539424,43.74438122052421,1
395,pedestrian_2-1_811_tr,hbefa3/pc_g_eu4,1.0,153331_7_1,taxi,4879.73,2688.99,153331_7,7.422614871972857,43.74308154166855,1
396,pedestrian_2-1_815_tr,hbefa3/pc_g_eu4,1.0,152780_1,taxi,4861.55,2191.65,152780,7.422521165501899,43.739329460257615,1
397,pedestrian_2-1_828_tr,hbefa3/pc_g_eu4,1.13,153423_3_2,taxi,4288.33,2508.79,153423_3,7.415775592640104,43.74170821397994,1
398,pedestrian_2-1_837_tr,hbefa3/pc_g_eu4,1.13,152685_2_1,uber,4914.96,2458.73,152685_2,7.423502113343449,43.74136812453917,1
399,pedestrian_2-1_860_tr,hbefa3/pc_g_eu4,1.0,153423_3_2,taxi,4199.67,2540.49,153423_3,7.415775592640104,43.74170821397994,1
400,pedestrian_2-1_878_tr,hbefa3/pc_g_eu4,1.0,153329_1_1,uber,5223.0,2952.03,153329_1,7.427175773217359,43.74558235697704,1
401,pedestrian_2-1_882_tr,hbefa3/pc_g_eu4,0.96,153423_3_1,taxi,4200.46,2537.34,153423_3,7.415777191716104,43.74173704818613,1
402,pedestrian_2-1_923_tr,hbefa3/pc_g_eu4,1.13,153331_10_1,uber,4928.82,2781.65,153331_10,7.423550499899592,43.74424675439999,1
403,pedestrian_2-1_925_tr,hbefa3/pc_g_eu4,1.0,152606_3_1,taxi,5561.85,3116.88,152606_3,7.431254464109463,43.74774800371824,1
404,pedestrian_2-1_952_tr,hbefa3/pc_g_eu4,0.93,152701_0_1,uber,4621.42,2182.34,152701_0,7.419575640967865,43.7387490745554,1
405,pedestrian_2-1_955_tr,hbefa3/pc_g_eu4,1.12,152453_1,uber,5609.7,3154.22,152453,7.43191531234596,43.74772051892096,1
406,pedestrian_2-1_982_tr,hbefa3/pc_g_eu4,1.02,153329_1_1,uber,5213.03,2929.69,153329_1,7.427175773217359,43.74558235697704,1
